panel_slug,name_nl,department_slug,fixture_type,sort,aisle_group_ids,head_terms,products,chains,min_price_eur,top_form,sample_names,notes
aardappelen,Aardappelen,groente-aardappelen,produce,10,1,aardappelen,72,6,0.69,vers,Jumbo Aardappelen Kruimig 200 g | vastkokende aardappelen | Kruimige aardappelen,
krieltjes,Krieltjes,groente-aardappelen,produce,20,1,krieltjes,42,6,0.69,vers,Jumbo Krieltjes 200 g | Jumbo Mini Krieltjes 200 g | PLUS Bistro minikrieltjes,
sperziebonen,Sperziebonen,groente-aardappelen,produce,30,1,sperziebonen,39,6,0.66,vers,Jumbo Gebroken Sperziebonen 180 g | 1 de Beste Sperziebonen gebroken | PLUS Sperziebonen gebroken,
champignons,Champignons,groente-aardappelen,produce,40,1,champignons,34,6,0.97,vers,Champignonschijfjes | Neutraal Champignons wit | 1 de Beste Champignons,
paprika,Paprika,groente-aardappelen,produce,50,1,paprika,33,6,0.85,vers,Paprika rood | Rode paprika | PLUS Paprika rood,
spinazie,Spinazie,groente-aardappelen,produce,60,1,spinazie,31,6,0.79,vers,Babyspinazie | AH Spinazie | Jumbo Gehakte Spinazie 450 g,
ijsbergsla,IJsbergsla,groente-aardappelen,produce,70,1,ijsbergsla,30,6,0.79,vers,1 de Beste Ijsbergsla naturel kleinverpakking | IJsbergsla fijn | AH Fijngesneden ijsbergsla,
uien,Uien,groente-aardappelen,produce,80,1,uien,27,6,0.15,vers,uien | 1 de Beste Uien | AH Amsterdamse uien,
broccoli,Broccoli,groente-aardappelen,produce,90,1,broccoli,23,6,0.89,vers,Bonbebe Bio M0411 broccoli | Broccoli | AH Broccoli,
snijbonen,Snijbonen,groente-aardappelen,produce,100,1,snijbonen,22,6,1.00,vers,PLUS Snijbonen gesneden | Bonduelle Snijboontjes 200 g | Bonduelle Hollandse Snijbonen,
knoflook,Knoflook,groente-aardappelen,produce,110,1,knoflook,22,6,0.64,vers,Knoflook | Knoflook | Verse Knoflook,
zuurkool,Zuurkool,groente-aardappelen,produce,120,1,zuurkool,21,6,0.57,vers,Zuurkool naturel | PLUS Zuurkool naturel | Zuurkool naturel,
kastanjechampignons,Kastanjechampignons,groente-aardappelen,produce,130,1,kastanjechampignons,21,6,1.29,vers,Gesneden kastanjechampignons | Jumbo Gesneden Kastanjechampignons 125 g | PLUS Kastanjechampignons gesneden,
komkommer,Komkommer,groente-aardappelen,produce,140,1,komkommer,21,6,0.75,vers,Komkommer | PLUS Komkommer | Nederlandse komkommer,
verse-sappen,Verse sappen & smoothies,fruit-sappen,produce,10,15,smoothie;sap;sinaasappelsap;appelsap;verse jus;jus d'orange,414,6,0.65,houdbaar,"Fruity Smoothie 100% smoothie mango | Goodies Knijpzakje smoothie perzik, banaan & appel | Goodies Knijpzakje smoothie aardbei & appel",
appel,Appel,fruit-sappen,produce,20,1,appel,40,6,0.39,vers,Jonagold appel | junami | Kanzi appel,
blauwe-bessen,Blauwe bessen,fruit-sappen,produce,30,1,blauwe bessen,31,6,1.99,vers,Blauwe bessen | Jumbo Blauwe Bessen 125 g | Spar blauwe bessen 100 gram,
watermeloen,Watermeloen,fruit-sappen,produce,40,1,watermeloen,29,6,1.05,vers,Extra watermelon single | Watermeloen | Verse watermeloen,
ananas,Ananas,fruit-sappen,produce,50,1,ananas,29,6,0.99,vers,KA Pineapple | Ananas | Verse ananas,
dadels,Dadels,fruit-sappen,produce,60,1,dadels,29,6,0.99,vers,Dadels met pit | Zongedroogde dadels | Jumbo Gedroogde Dadels Zonder Pit 250 g,
kiwi,Kiwi,fruit-sappen,produce,70,1,kiwi,27,6,0.80,vers,Zespri kiwi | kiwi groen | kiwi sungold los,
rozijnen,Rozijnen,fruit-sappen,produce,80,1,rozijnen,27,6,1.29,gedroogd,AH Rozijnen vriendjes | Jumbo Zongedroogde Sultana Rozijnen 250g | AH Rozijnen,
mango,Mango,fruit-sappen,produce,90,1,mango,25,6,1.00,vers,PLUS Mango | Mango | Mango,
aardbeien,Aardbeien,fruit-sappen,produce,100,1,aardbeien,24,6,1.69,vers,AH Doosje met aardbeien | Jumbo Vriesverse Aardbeien 250 g | Aardbeien,
frambozen,Frambozen,fruit-sappen,produce,110,1,frambozen,22,6,0.89,vers,Raak frambozen | Frambozen | Spar frambozen 80 gram,
meloen,Meloen,fruit-sappen,produce,120,1,meloen,21,6,2.16,vers,Jumbo Cantaloupe Meloen 1 Stuks | Jumbo Cantaloupe Meloen 150 g | Spar cantaloupe meloen blokjes 150 gram,
pizza-maaltijden-salades,Verse pizza,maaltijden-salades,shelf,10,6,pizza,93,6,1.09,bewerkt,PLUS Pizza mini vegetarisch | 1 de Beste Krokante pizza mozzarella cherry | AH Pizza kaas tomaat,
salade,Maaltijdsalades,maaltijden-salades,shelf,20,1,salade,48,5,1.78,bewerkt,Fresh & easy Salade komkommer tomaat | Jumbo Vegetarische Salade 450 g | Jumbo Salade Mango Curry 150 g,
pizzadeeg,Pizzadeeg,maaltijden-salades,fridge,30,6,pizzadeeg,19,5,0.99,vers,Jan Napoli pizzadeeg | Jumbo Vers Pizzadeeg Rol 400 g | PLUS Pizzadeeg met saus,
kipfilet,Kipfilet,vlees,fridge,10,3,kipfilet,155,6,1.49,vers,Encore Chicken breast with cheese | Encore Chicken breast | AH Scharrel kipfilet,
gehakt,Gehakt,vlees,fridge,20,3,gehakt,64,6,1.17,vers,PLUS Gemengd gehakt | Neutraal Gebraden gehakt BLK | Gebraden gehakt,
rundergehakt,Rundergehakt,vlees,fridge,30,3,rundergehakt,61,6,3.00,vers,Jumbo Rundergehakt 175 g | PLUS Rundergehakt | AH Rundergehakt,
rookworst,Rookworst,vlees,fridge,40,3,rookworst,58,6,1.09,vers,Slagerhuis Gelderse rookworst | Slagershuis gelderse rookworst | Slagershuis Rookworst Gelders,
gehaktballetjes,Gehaktballetjes,vlees,shelf,50,3,gehaktballetjes,46,6,2.29,bewerkt,Bits & Bites Gehaktballetjes Hollandse stijl | Mora Gehaktballetjes in Zoetzure Saus 160 g | Mora Gehaktballetjes in zoetzure saus,
biefstuk,Biefstuk,vlees,fridge,60,3,biefstuk,37,6,4.75,vers,AH Duitse biefstuk | Jumbo Duitse Biefstuk Biologisch 2 Stuks | Jumbo Rund Biefstuk 1 Stuk ca. 150 g,
spareribs,Spareribs,vlees,shelf,70,3,spareribs,36,6,4.35,bewerkt,Jumbo BBQ Spareribs Naturel ca. 300 g | Verse spareribs | Verse spareribs,
spekreepjes,Spekreepjes,vlees,fridge,80,3,spekreepjes,35,6,2.13,vers,Spekreepjes | Spar gerookte spekreepjes | Tulip Gebakken spekreepjes,
hamburger,Hamburger,vlees,fridge,90,3,hamburger,34,6,0.99,vers,DANLERS Cheesburger 1 st. | Flemmings Cheeseburgers | Beckers Hamburgers 4 Stuks,
worst,Worst,vlees,fridge,100,3,worst,34,6,1.49,vers,Chatar Qualité 250 g | Chatar Worst rund-gevogelte | Chatar Rund gevogelteworst pikant,
speklap,Speklap,vlees,fridge,110,3,speklap,33,6,2.00,vers,PLUS Speklappen met zwoerd 2 stuks | PLUS Speklappen met zwoerd 3 stuks | Jumbo Speklappen Zonder Zwoerd 2 Stuks,
kipburger,Kipburger,vlees,shelf,120,3,kipburger,27,6,1.99,bewerkt,Wahid Kipburger | Vleeschmeesters Kipburger 2 st. | AH Scharrel kipburger gepaneerd 2 stuks,
kipsate,Kipsaté,vlees,shelf,130,3,kipsaté,26,6,1.19,bewerkt,Fancy Kipsaté | kipsaté | PLUS Kipsaté,
garnalen,Garnalen,vis,fridge,10,3,garnalen,85,6,1.99,vers,Bits & Bites Gemarineerde garnaal | Grote garnalen met staart | AH Garnalen chili-olie,
zalmfilet,Zalmfilet,vis,fridge,20,3,zalmfilet,68,6,2.59,vers,AH Zalmfilet | Jumbo Wilde Zalmfilet 2 x 125 g | Wilde zalmfilets,
zalm,Zalm,vis,fridge,30,3,zalm,40,6,1.69,vers,Rosewood Delistrips zalm | Hardanger lachs Zalmsnippers gerookt | Roze zalm,
pangasiusfilet,Pangasiusfilet,vis,fridge,40,3,pangasiusfilet,31,6,2.42,vers,Vis Marine Pangasiusfilet | Pangasiusfilet | Jumbo Pangasiusfilet 270 g,
tonijn,Tonijn,vis,shelf,50,3;9,tonijn;tonijnstukken;tonijnmoot;tonijnsteak,184,5,1.19,blik,Princes Tonijn in water pouch | John West Tonijnstukken in water | Statesman Tonijn stukken in olijfolie,
gerookte-zalm,Gerookte zalm,vis,fridge,60,3,gerookte zalm,46,5,2.59,vers,AH Gerookte zalm | PLUS Gerookte Noorse zalm | 1 de Beste Gerookte zalm,
sardines,Sardines,vis,shelf,70,3,sardines,19,5,1.79,blik,Princes Sardines zonnebloemolie | Brunswick Sardines in Sojaolie 106 g | Princes Sardines in olijfolie,
kabeljauwfilet,Kabeljauwfilet,vis,fridge,80,3,kabeljauwfilet,19,5,6.49,vers,AH Kabeljauwfilet Provencaals | Kabeljauwfilet 2 st. | Queens Kabeljauwfilet met huid,
haring,Haring,vis,fridge,90,3,haring,17,5,1.79,vers,AH Zoute haringen | Jumbo Haring Hollandse Nieuwe met Uitjes 1 Stuk | Hollandse Nieuwe haring,
mosselen,Mosselen,vis,fridge,100,3,mosselen,16,5,1.99,vers,PLUS Gekookte mosselen | Jumbo Mosselen Gekookt 150 g | AH Gekookte mosselen,
hummus,Hummus,vega,shelf,10,4,hummus,65,6,1.28,bewerkt,1 de Beste Hummus naturel | AH Terra Plantaardige hummus naturel | PLUS Hummus naturel,
burger,Vegaburgers,vega,shelf,20,4,burger,43,6,1.40,bewerkt,Go Vega Plantaardige burger | Jumbo Plantaardig Burgers 2 Stuks | AH Terra Plantaardige burger,
tofu,Tofu,vega,fridge,30,4,tofu,24,6,1.25,vers,BIO+ Tofu | AH Terra Biologische tofu | Jumbo Tofu Naturel 375g,
tempeh,Tempeh,vega,fridge,40,4,tempeh,20,6,1.59,vers,AH Terra Tempeh | Tempeh blokjes | Go Vega Tempeh blokjes ketjap,
balletjes,Vega balletjes,vega,shelf,50,4,balletjes,10,6,1.49,bewerkt,Go Vega Balletjes | Vegan balletjes | Go Vega Plantaardige balletjes,
kipstukjes,Kipstukjes,vega,shelf,60,4,kipstukjes,20,5,1.79,bewerkt,Vegetarische kipstukjes | Go Vega Kipstukjes | AH Terra Plantaardige kipstukjes,
falafel,Falafel,vega,shelf,70,4,falafel,20,5,1.48,bewerkt,Go Vega Falafel | Go Vega Plantaardige falafel | AH Terra Biologische falafel,
hoemoes,Hoemoes,vega,fridge,80,4,hoemoes,17,5,1.25,vers,Maza hoemoes 100% genieten | Maza hoemoes zongedroogde tomaat | Maza Hoemoes less salt,
grillworst,Grillworst,vleeswaren,shelf,10,5,grillworst,140,6,1.49,bewerkt,AH Kip grillworst snack | Zandvliet Kipgrillworst | AH Grillworst met zaanlanderkaas,
salami,Salami,vleeswaren,fridge,20,5,salami,112,6,1.25,vers,PLUS Salami | Salami milano chianti | AH Salami,
pate,Paté,vleeswaren,shelf,30,5,paté,105,6,0.29,bewerkt,AH Paté zalm | AH Paté konijn | AH Pate met rund,
leverworst,Leverworst,vleeswaren,fridge,40,5,leverworst,101,6,0.48,vers,Verberghe Leverworst saksisch | Verberghe Vleeswaren Saksische leverworst | Kroon Saksische leverworst,
boterhamworst,Boterhamworst,vleeswaren,fridge,50,5,boterhamworst,91,6,0.99,vers,1 de Beste Boterhamworst | PLUS Blik boterhamworst | Landerij Boterhamworst,
fuet,Fuet,vleeswaren,shelf,60,5,fuet,89,6,1.19,bewerkt,Valent fuet chorizo | Argal Fuet snack sticks | Bits & Bites Fuetworstjes,
filet-americain,Filet americain,vleeswaren,shelf,70,5,filet americain,78,6,1.34,bewerkt,Pickwick Earl grey zwarte thee | Jumbo Filet Americain Naturel 70 g | AH Filet americain minder vet,
cervelaat,Cervelaat,vleeswaren,fridge,80,5,cervelaat,65,6,1.00,vers,1 de Beste Cervelaat gerookt | AH Cervelaat | AH Cervelaat kleintje,
achterham,Achterham,vleeswaren,fridge,90,5,achterham,54,6,1.49,vers,AH Achterham | Landerij Achterham | 1 de Beste Achterham flinterdun,
chorizo,Chorizo,vleeswaren,fridge,100,5,chorizo,48,6,1.59,vers,Chorizo | PLUS Chorizo extra | AH Chorizo,
ham,Ham,vleeswaren,fridge,110,5,ham,47,6,1.00,vers,1 de Beste gerookte ham | Schouderham | Schouderham,
gekookte-worst,Gekookte worst,vleeswaren,fridge,120,5,gekookte worst,43,6,0.99,vers,1 de Beste Gekookte worst | 1 de Beste gekookte worst gerookt | Jumbo Gelderse Gekookte Worst ca. 100 g,
kaas,Kaas,kaas,fridge,10,5,kaas,485,6,0.49,vers,Kampioentje | Verberghe Duobol saks naturel | Ronde kaas suisse,
geitenkaas,Geitenkaas,kaas,fridge,20,5,geitenkaas,86,6,1.65,vers,AH Verse geitenkaas naturel 48+ | Jumbo Geitenkaas Schijfjes Honing 125 g | AH Geitenkaas honing schijfjes,
smeerkaas,Smeerkaas,kaas,shelf,30,5,smeerkaas,70,6,0.59,bewerkt,PLUS Smeerkaas 20+ naturel 100gr | 1 de Beste Smeerkaas naturel  20+ | 1 de Beste Smeerkaas sambal 48+,
geraspte-kaas,Geraspte kaas,kaas,fridge,40,5,geraspte kaas,66,6,0.89,vers,Melkan Geraspte kaas 30+ | Uniekaas Rasp jong belegen 48+ | Vergeer Geraspte pizza kaas,
brie,Brie,kaas,fridge,50,5,brie,57,6,1.28,vers,Fraiche d'Or Brie pointe | AH Franse brie 60+ | Fraiche d'Or Brie,
kaasblokjes,Kaasblokjes,kaas,shelf,60,5,kaasblokjes,56,6,2.09,bewerkt,Melkan Kaasblokjes 45+ in olie | Bits & bites Kaasblokjes mosterd | PLUS N-Holl Kaasblokjes J-Beleg Kom,
parmigiano-reggiano,Parmigiano reggiano,kaas,fridge,70,5,parmigiano reggiano,30,6,1.99,vers,AH Biologisch Italiaanse parmigiano reggiano | Galbani Parmigiano Reggiano geraspt | Zanetti Parmigiano Reggiano,
camembert,Camembert,kaas,fridge,80,5,camembert,29,6,1.55,vers,PLUS Bakcamembert 45+ | Camembert 45+ | Camembert Destrier,
grana-padano,Grana padano,kaas,fridge,90,5,grana padano,22,6,2.49,vers,Galbani Grana Padano DOP Kaas 80 g | Galbani Grana Padano geraspt | Grana padano stuk,
gorgonzola,Gorgonzola,kaas,fridge,100,5,gorgonzola,12,6,2.45,vers,Gorgonzola | Melkan Gorgonzola dolce | Jumbo Gorgonzola Dolce 200 g,
jong-belegen-kaas,Jong belegen kaas,kaas,fridge,110,5,jong belegen kaas,84,5,1.90,vers,PLUS Klaverland Jong belegen komijn 48+ plakken | PLUS Klaverland Jong belegen 48+ plakken | PLUS Klaverland Jong belegen 35+ plakken,
belegen-kaas,Belegen kaas,kaas,fridge,120,5,belegen kaas,68,5,0.99,vers,Uniekaas Rasp belegen | PLUS Klaverland Belegen komijn 48+ plakken | PLUS Klaverland Belegen 48+ plakken,
yoghurt,Yoghurt,zuivel-eieren,fridge,10,2,yoghurt,354,6,0.49,vers,"De Zaanse Hoeve Yoghurt aardbei | Halfvolle yoghurt | Öing Roer Yoghurt Naturel 1,5% Vet 500 g",
kwark,Kwark,zuivel-eieren,fridge,20,2,kwark,223,6,0.85,vers,Proteïne kwark | Melkan Proteine kwark vanille | Oing Magere kwark,
drinkyoghurt,Drinkyoghurt,zuivel-eieren,shelf,30,2,drinkyoghurt,192,6,0.99,houdbaar,Fristi Drink yoghurt rood fruit | Drinkyoghurt | Optimel Drinkyoghurt vezels Framboos Bosbes 0%,
plantaardige-melk,Plantaardige melk,zuivel-eieren,shelf,40,2;4,haverdrink;amandeldrink;sojadrink;kokosdrink;rijstdrink;plantaardige melk,178,6,0.63,houdbaar,Oatly Haverdrink barista edition | AH Terra Plantaardige barista haver | Melkan Haver drink original,
halfvolle-melk,Halfvolle melk,zuivel-eieren,shelf,50,2,halfvolle melk,176,6,0.59,houdbaar,Melkan Houdbare halfvolle melk | Melkan houdbare melk halfvol | Jumbo Halfvolle Melk 500ml,
margarine,Margarine,zuivel-eieren,shelf,60,2,margarine,132,6,0.68,houdbaar,"PLUS Margarine voor koken, bakken en braden | Margarine | 1 de Beste Margarine",
vla,Vla,zuivel-eieren,fridge,70,2,vla,127,6,0.79,vers,Zuivelhoeve Boern vla karamelsnoepjes | Zuivelhoeve Boern vla vanille chocolade | Zuivelhoeve Boern vla vanille,
roomboter,Roomboter,zuivel-eieren,fridge,80,2,roomboter,126,6,1.15,vers,AH Terra Plantaardig halvarine goed begin | Roomboter | Zuivelmeester Roomboter ongezouten,
chocolademelk,Chocolademelk,zuivel-eieren,shelf,90,2,chocolademelk,118,6,0.81,houdbaar,PLUS Fairtrade chocolademelk halfvol | Jumbo Chocolademelk Halfvol 1 L | PLUS Chocolademelk halfvol 0%,
volle-melk,Volle melk,zuivel-eieren,shelf,100,2,volle melk,116,6,0.89,houdbaar,Jumbo Houdbare Volle Melk 500ML | Verse volle melk | 1 de Beste Volle melk,
roomkaas,Roomkaas,zuivel-eieren,fridge,110,2,roomkaas,102,6,0.99,vers,Boursin Knoflook en fijne kruiden | Garlan Roomkaas knoflook & kruiden | Garlan Roomkaas Paprika Chili,
skyr,Skyr,zuivel-eieren,fridge,120,2,skyr,100,6,0.59,vers,Skyr met fruit | Arla Skyr Naturel | Arla Skyr Naturel 0% Fat 200 g,
eieren,Eieren,zuivel-eieren,fridge,130,2,eieren,97,6,1.59,vers,Vrije uitloop eieren wit M | Vrije uitloop eieren | PLUS Scharreleieren S/M 6ST,
koffiemelk,Koffiemelk,zuivel-eieren,shelf,140,2,koffiemelk,90,6,0.37,houdbaar,Melkan Koffiemelkcups halfvol | Jumbo Volle Koffiemelk Cups 10 Stuks | Jumbo Halfvolle Koffiemelk Cups 10 Stuks,
brood,Brood,bakkerij,bakery,10,6,brood,145,6,1.09,vers,Jumbo - Turks Brood Mini - 2 Stuks | AH Mini Turks brood | PLUS Partybrood wit gesneden,
stokbrood,Stokbrood & baguette,bakkerij,bakery,20,6,stokbrood;baguette,101,6,0.68,vers,AH Petit stokbrood wit | 1 de Beste Stokbrood wit | Spar stokbrood demi baguette wit,
wit-brood,Wit brood,bakkerij,bakery,30,6,wit brood,88,6,0.68,vers,PLUS Boeren wit tijger Half | Wit brood | AH Extra lang lekker tijger wit half,
volkoren-brood,Volkoren brood,bakkerij,bakery,40,6,volkoren brood;fijn volkorenbrood,81,6,0.59,vers,AH Extra lang lekker volkoren | Fijn volkoren | Bakker van der Akker Rond volkoren heel,
croissant,Croissant,bakkerij,bakery,50,6,croissant,73,6,0.48,vers,Roomboter croissant 65 g | Roomboter croissant | PLUS Roomboter croissant klein,
bruin-brood,Bruin brood,bakkerij,bakery,60,6,bruin brood,60,6,0.69,vers,Bruin rond | Jumbo - Boeren Tijgerbrood Bruin - Half | AH Extra lang lekker tijger bruin half,
cake,Cake,bakkerij,bakery,70,6,cake,42,6,0.99,bewerkt,AH Kersencake met banketbakkersroom | PLUS Cake mergpijpjes | Balconi Rollino pistacchio,
focaccia,Focaccia,bakkerij,bakery,80,6,focaccia,37,6,1.19,bewerkt,AH Focaccia mozzarella | AH Focaccia brie rozemarijn | AH Focaccia pepperoni,
pannenkoeken,Pannenkoeken,bakkerij,bakery,90,6,pannenkoeken,32,6,1.95,bewerkt,Daily Chef Pannenkoeken naturel 8 stuks | Pannenkoeken | AH Pannenkoeken naturel,
roggebrood,Roggebrood,bakkerij,bakery,100,6,roggebrood,30,6,1.19,vers,Van Dijk's Roggebrood fries | Van Dijk Roggebrood | Brood van Soma Blanco peel roggebrood,
sandwich,Sandwich,bakkerij,bakery,110,6,sandwich,30,6,1.69,bewerkt,Lotus sandwich vanille 5 pack | Wasa Sandwich cream cheese & chives 3 stuks | Wasa Sandwich tomaat & basilicum,
panini,Panini,bakkerij,bakery,120,6,panini,26,6,2.19,bewerkt,Jumbo - Panini Wit - 4 Stuks | Panini | AH Panini's,
chips,Chips,borrel-chips-snacks,shelf,10,13,chips,682,6,0.45,bewerkt,Paprika- of naturelchips | Lays Bugles chips nacho cheese | Chio Heartbreakers Classic Chips 30 g,
pinda-s,Pinda's,borrel-chips-snacks,shelf,20,13,pinda's,96,6,0.78,vers,Pinda's geroosterd en ongezouten | Jumbo Pinda's Ongezouten 250 g | Jumbo Pinda's Gezouten 250 g,
cashewnoten,Cashewnoten,borrel-chips-snacks,shelf,30,13,cashewnoten,91,6,2.14,vers,Special Nuts Gezouten Cashewnoten 200 g | 1 de Beste Cashewnoten gebrand ongezouten | 1 de Beste Cashewnoten gezouten,
notenmix,Notenmix,borrel-chips-snacks,shelf,40,13,notenmix,89,6,1.14,vers,Jumbo Walnoot & Rozijnen 95 g | Jumbo Pecan & Gedroogde Banaan 85 g | Pepitamix gezouten,
tortilla-chips,Tortilla chips,borrel-chips-snacks,shelf,50,13,tortilla chips,65,6,0.62,bewerkt,PLUS Tortilla chips naturel | 1 de Beste Tortilla chips naturel | 1 de Beste Tortilla nacho cheese,
borrelnoten,Borrelnoten,borrel-chips-snacks,shelf,60,13,borrelnoten,50,6,1.00,bewerkt,Epixs Borrelnoten wasabi | Epixs Borrelnoten cream | Epixs Borrelnoten crunch,
amandelen,Amandelen,borrel-chips-snacks,shelf,70,13,amandelen,47,6,0.99,vers,Alpro Mild & creamy no sugars | PLUS Amandelen gezouten | 1 de Beste Amandelen geroosterd en gezouten,
pistachenoten,Pistachenoten,borrel-chips-snacks,shelf,80,13,pistachenoten,29,6,2.39,vers,Jumbo Pistachenoten Gezouten 200 g | AH Pistaches gezouten | AH Gezouten pistachenoten,
walnoten,Walnoten,borrel-chips-snacks,shelf,90,13,walnoten,26,6,1.99,vers,Bio+ Bio walnoten gepeld | AH Walnoten | Walnoten,
pijnboompitten,Pijnboompitten,borrel-chips-snacks,shelf,100,13,pijnboompitten,24,6,1.99,vers,Jumbo Pijnboompitten Ongeroosterd 30 g | AH Geroosterde pijnboompitten | Jumbo Geroosterde Pijnboompitten 30 g,
bugles,Bugles,borrel-chips-snacks,shelf,110,13,bugles,14,6,0.69,bewerkt,Lay's Bugles nacho cheese flavour | Bugles nacho-cheese | Lay's Bugles nacho cheese,
pretzels,Pretzels,borrel-chips-snacks,shelf,120,13,pretzels,10,6,1.29,bewerkt,Olly's pretzels oh so cheesy | Crunchy pretzels | Olly's pretzels sesame,
noedels,Noedels,pasta-rijst-wereld,shelf,10,8,noedels,185,6,0.38,houdbaar,Mama Noodles rund | Mama Noodles kip | AH Snack up noodles groente,
spaghetti,Spaghetti,pasta-rijst-wereld,shelf,20,8,spaghetti,74,6,0.49,gedroogd,AH Spaghetti | Jumbo Spaghetti Vlugkokend 500 g | 1 de Beste Spaghetti,
rijst,Rijst,pasta-rijst-wereld,shelf,30,8,rijst,70,6,1.19,vers,AH Langgraan rijst | Lassie Toverrijst | Lassie Toverrijst builtjes,
pasta,Pasta,pasta-rijst-wereld,shelf,40,8,pasta,54,6,1.19,bewerkt,Pasta | Jumbo Pipe Rigate 500 g | Sammills Pasta d'oro mais glutenvrij,
macaroni,Macaroni,pasta-rijst-wereld,shelf,50,8,macaroni,47,6,0.36,gedroogd,1 de Beste Macaroni | AH Macaroni | PLUS Macaroni,
lasagne,Lasagne,pasta-rijst-wereld,shelf,60,8,lasagne,45,6,1.75,bewerkt,AH Lasagne | Honig Lasagne Original 250 g | Honig Honig lasagne original,
aardappelpuree,Aardappelpuree,pasta-rijst-wereld,shelf,70,8,aardappelpuree,43,6,0.56,bewerkt,1 de Beste Aardappelpuree a la minute 3 st. | Jumbo à la Minute Aardappelpuree 3 x 60 g | Jumbo Naturel Aardappelpuree Zakjes 2 x 138 g,
fusilli,Fusilli,pasta-rijst-wereld,shelf,80,8,fusilli,41,6,1.14,gedroogd,1 de Beste Fusilli | Jumbo Fusilli 500 g | AH Fusilli,
maaltijd,Maaltijd,pasta-rijst-wereld,shelf,90,8,maaltijd,38,6,1.29,bewerkt,"Spaghetteria of risotteria | Mama Deli Maaltijd Orzo, Courgette, Rode Paprika & Maïs 8+ Maanden 150 g | Jumbo's Jamaican Jerk Chicken 46 g",
zilvervliesrijst,Zilvervliesrijst,pasta-rijst-wereld,shelf,100,8,zilvervliesrijst,37,6,0.59,houdbaar,1 de Beste Zilvervliesrijst | Lassie Zilvervliesrijst | Jumbo Zilvervliesrijst 400 g,
kroepoek,Kroepoek,pasta-rijst-wereld,shelf,110,8,kroepoek,35,6,1.00,houdbaar,Go-Tan Borrelkroepoek | Conimex Kroepoek Java | Conimex Kroepoek spicy Jakarta,
penne,Penne,pasta-rijst-wereld,shelf,120,8,penne,33,6,0.77,gedroogd,Penne | 1 de Beste Penne rigate | AH Penne,
kruidenmix,Kruidenmix,soepen-sauzen-kruiden,shelf,10,10,kruidenmix,399,6,0.39,gedroogd,Kruidenmix macaroni/spaghetti | AH Burrito seasoning mix | Banderos Burrito kruidenmix,
mayonaise,Mayonaise,soepen-sauzen-kruiden,shelf,20,10,mayonaise,277,6,0.59,houdbaar,Van Wijngaarden's Zaanse mayonaise mini | 1 de Beste Mayonaise | Jumbo Mayonaise Romig 350 ML,
olijfolie,Olijfolie,soepen-sauzen-kruiden,shelf,30,10,olijfolie,205,6,1.45,houdbaar,Paolo Picos Olijfolie 150 g | Paolo Fornaccini olijfolie | 1 de Beste Olijfolie traditioneel,
pastasaus,Pastasaus,soepen-sauzen-kruiden,shelf,40,10,pastasaus,145,6,0.75,houdbaar,Casa Del Sud Pastasaus napoletana | Casa Del Sud Pastasaus | Casa del Sud pastasaus,
soep,Soep,soepen-sauzen-kruiden,shelf,50,9,soep,139,6,0.55,houdbaar,Eén kop soep | 1 de Beste 1 kop soep chinese tomaat 3 st. | Basek Soep Linzen 70g,
saus,Saus,soepen-sauzen-kruiden,shelf,60,10,saus,137,6,0.48,houdbaar,"Jumbo Mix voor Kaassaus 31,5 g | Jumbo Mix voor Peper-Roomsaus 28,5 g | Tafelsaus",
tomatensoep,Tomatensoep,soepen-sauzen-kruiden,shelf,70,9,tomatensoep,117,6,0.59,houdbaar,Jumbo Kop Tomaten Soep 3 Stuks | Knorr Cup-a-soup tomaat 3 st. | 1 de Beste Tomatensoep,
satesaus,Satésaus,soepen-sauzen-kruiden,shelf,80,10,satésaus,102,6,0.99,houdbaar,Remia Satésaus kant en klaar chinese stijl | PLUS Satésaus kant en klaar | Jumbo Satésaus Mild 200 g,
ketchup,Ketchup,soepen-sauzen-kruiden,shelf,90,10,ketchup,87,6,0.69,houdbaar,Tomatenketchup | Jumbo Tomatenketchup 500ML | AH Tomatenketchup,
woksaus,Woksaus,soepen-sauzen-kruiden,shelf,100,10,woksaus,86,6,1.45,houdbaar,Inproba Woksaus sweet & sour | AH Woksaus teriyaki | PLUS Woksaus sweet & sour,
dressing,Dressing,soepen-sauzen-kruiden,shelf,110,10,dressing,85,6,0.97,houdbaar,Calvé Caesar dressing | Calvé Dressing honing appel | Calvé Dressing Honing Mosterd 70 ml,
olijven,Olijven,soepen-sauzen-kruiden,shelf,120,9,olijven,84,6,0.79,pot,Amogusti Olijven gevuld met tonijn | Amogusti Olijven gevuld met citroen | Carbonell Olijven zonder pit,
mosterd,Mosterd,soepen-sauzen-kruiden,shelf,130,10,mosterd,82,6,0.71,houdbaar,PLUS Franse mosterd | AH Mosterd mild | Jumbo Milde Mosterd 255 g,
augurken,Augurken,soepen-sauzen-kruiden,shelf,140,9,augurken,81,6,0.91,pot,1 de Beste Augurken fijn-zoetzuur | PLUS Augurk plakjes zoetzuur | Jumbo Plakjes Augurk Zoetzuur 330 g,
chocolade,Chocolade,koek-snoep-chocolade,shelf,10,12,chocolade;chocoladereep;melkchocolade;pure chocolade;witte chocolade,1066,6,0.79,bewerkt,Alpenmelk chocolade met hazelnoot | Verkade Choco 's mores chocolade | Verkade Tops chocolade,
snoep,Snoep & zoetwaren,koek-snoep-chocolade,shelf,20,12,snoep,864,6,0.49,bewerkt,Fun | Chupa Chups Cotton bubble | Chupa Chups Crazy dips cola,
koekjes,Koekjes,koek-snoep-chocolade,shelf,30,12,koekjes;koekje;cookies;biscuit,318,6,0.71,bewerkt,Verkade Choco s'mores Kokos | Oreo Koekjes Original | Oreo Original koekjes 154g,
drop,Drop,koek-snoep-chocolade,shelf,40,12,drop,318,6,0.90,bewerkt,AH Muntendrop suikervrij | PLUS Dropmix gesuikerd | Muntendrop,
kauwgom,Kauwgom,koek-snoep-chocolade,shelf,50,12,kauwgom,296,6,0.39,bewerkt,"Fun Kauwgomballenstrip | Smartgum Spearmint | Smart Gum Pepermint met Xylitol 36 Stuks 39,6 g",
pepermunt,Pepermunt,koek-snoep-chocolade,shelf,60,12,pepermunt,77,6,0.95,bewerkt,Professional Peppermint | King Pepermunt 3 st. | Extra Spearmint,
pannenkoekenmix,Pannenkoekenmix,koek-snoep-chocolade,shelf,70,11,pannenkoekenmix,63,6,0.42,bewerkt,1 de Beste Pannenkoekenmix naturel | Bakmix voor pannenkoeken naturel | 1 de Beste Pannenkoekenmix volkoren,
snoepmix,Snoepmix,koek-snoep-chocolade,shelf,80,12,snoepmix,52,6,1.00,bewerkt,Haribo Supermix | Candyman Verrassingszakje Verrassend Lekkere Mix 52 g | PLUS Snoepmix,
bonbons,Bonbons,koek-snoep-chocolade,shelf,90,12,bonbons,50,6,1.87,bewerkt,Oreo Mini bites | Vicks Bonbons Ademvrij VapoPlus Eucalyptus Suikervrij 72 g | Fruitmix bonbons,
winegums,Winegums,koek-snoep-chocolade,shelf,100,12,winegums,40,6,1.30,bewerkt,Redband Winegums | Redband Duo winegums zoet zuur | Red Band winegums klein,
stroopwafels,Stroopwafels,koek-snoep-chocolade,shelf,110,12,stroopwafels,36,6,0.59,bewerkt,AH Stroopwafels | Stroopwafels | Bakker Joop stroopwafels,
biscuits,Biscuits,koek-snoep-chocolade,shelf,120,12,biscuits,35,6,0.59,bewerkt,Mr Mee milk cream biscuits | Theebiscuits | Jumbo Biscuits Volkoren 300 g,
crackers,Crackers,ontbijt-beleg,shelf,10,6;7;12,crackers;cracker,280,6,0.59,bewerkt,Krit Crackers | AH Dunne crackers rozemarijn geitenkaas | AH Dunne crackers vegan met groenten,
pindakaas,Pindakaas,ontbijt-beleg,shelf,20,7,pindakaas,223,6,0.87,houdbaar,Pcd Pindakaas | 1 de Beste Pindakaas | Pindakaas,
muesli,Muesli,ontbijt-beleg,shelf,30,7,muesli,155,6,1.89,houdbaar,AH Biologisch Muesli volkoren | Zuivelhoeve Boer'n muesli bosvruchten | Zuivelhoeve Boer'n muesli aardbei,
granola,Granola,ontbijt-beleg,shelf,40,7,granola,134,6,1.05,bewerkt,"Organix Just oatmeal, apricot & banana | Organix Just mango pear granola 6 maanden | Activia Fibre Mix & Go Granola Zwarte Chocolade 165g",
cruesli,Cruesli,ontbijt-beleg,shelf,50,7,cruesli,95,6,1.99,bewerkt,Jumbo Beertjes & Rings Granen 350 g | Cruesli zero | Quaker Cruesli Roodfruit,
hagelslag,Hagelslag,ontbijt-beleg,shelf,60,7,hagelslag,93,6,1.15,houdbaar,1 de Beste Gekleurde hagelslag | Jumbo Hagelslag Melk Minder Suiker 200 g | Jumbo Chocolade Hagelslag Puur 200 g,
jam,Jam,ontbijt-beleg,shelf,70,7,jam,92,6,0.68,houdbaar,1 de Beste Jam extra aardbei | g'woon Aardbei Extra Jam | AH Extra jam aardbeien,
knackebrod,Knäckebröd,ontbijt-beleg,shelf,80,6,knäckebröd,81,6,0.99,houdbaar,Fjord Knackerbrod volkoren | Bolletje Luchtig knäckebröd goudbros | Bolletje Vezelrijk knäckebröd volkoren,
honing,Honing,ontbijt-beleg,shelf,90,7,honing,81,6,1.63,vers,PLUS Bloemenhoning knijpfles | AH Honing | Jumbo Bloemenhoning 350 g,
hazelnootpasta,Hazelnootpasta,ontbijt-beleg,shelf,100,7,hazelnootpasta,75,6,1.69,houdbaar,1 de Beste Hazelnootpasta | Orinoko Hazelnootpasta | Orinoko Hazelnootpasta 350 g,
havermout,Havermout,ontbijt-beleg,shelf,110,7,havermout,67,6,0.73,houdbaar,PLUS Havermout | Molina Havermout | AH Volkoren havermout fijne vlokken,
toast,Toast,ontbijt-beleg,shelf,120,6,toast,56,6,0.53,houdbaar,Jos Poell Krokant toast | Jos Poell Toast Vierkant 60 g | Jos Poell Toast krokant,
proteinerepen,Proteïnerepen,tussendoortjes,shelf,10,12,proteïnereep;protein bar;proteïne reep;eiwitreep,255,6,0.99,bewerkt,Proteïne reep | Upfront Eiwitreep pistache framboos | HIPRO Proteine bar karamel,
knijpfruit,Knijpfruit,tussendoortjes,shelf,20,7;1,knijpfruit,188,6,0.95,bewerkt,"Jumbo Biologisch Knijpfruit Banaan, Zoete Aardappel, Appel & Mango 8+ Maanden 90 g | Bonbebe knijp appel wortel banaan +6m | AH Biologisch Knijpfruit appel wortel 6m+",
ontbijtkoek,Ontbijtkoek,tussendoortjes,shelf,30,11;6,ontbijtkoek,132,6,0.84,bewerkt,Jumbo Ontbijtkoek Naturel 280 g | Peijnenburg Ontbijtkoek gesneden geen suiker | Peijnenburg Ontbijtkoek naturel ongesneden,
rijstwafels,Rijstwafels,tussendoortjes,shelf,40,12;7;11,rijstwafels;rijstwafel;maiswafels,78,5,0.55,bewerkt,1 de Beste Rijstwafels dun met zeezout | Jumbo Rijstwafels Naturel 130 g | Jumbo Mini Rijst & Maïswafels 30 g,
mueslirepen,Mueslirepen,tussendoortjes,shelf,50,12;11,mueslireep;mueslirepen;granolareep,57,5,1.25,bewerkt,Hero mueslireep melkchocolade | Hero mueslireep hazelnoot | Jumbo Mueslireep Naturel 6 Stuks,
eierkoeken,Eierkoeken,tussendoortjes,shelf,60,6,eierkoeken,21,5,1.23,bewerkt,Jumbo Eierkoeken 10 Stuks | Jumbo Eierkoeken Volkoren 300 g | Jumbo Mini Eierkoeken 10 Stuks,
ijs,IJs,diepvries,freezer,10,14,ijs;ijsjes;roomijs;sorbetijs;slagroomijs;waterijs,509,6,0.79,diepvries,Swirl ijs | Crushed ijs | Ben & Jerry's Strawberry cheesecake,
pizza,Diepvriespizza,diepvries,freezer,20,14,pizza,101,6,1.73,diepvries,1 de Beste Krokante pizza quatro formaggi | 1 de Beste Krokante pizza hawaii | 1 de Beste Krokante pizza tonijn,
friet,Friet & frites,diepvries,freezer,30,14,friet;frites;patat,96,6,0.97,diepvries,AH Mini friet paprika | AH Mini friet naturel | AH Mini friet sour cream,
vissticks,Vissticks,diepvries,freezer,40,14,vissticks,51,6,1.59,diepvries,Krokante vissticks | Vis Marine Vissticks 15 stuks | AH Vissticks,
bitterballen,Bitterballen,diepvries,freezer,50,14,bitterballen,42,6,1.99,diepvries,AH Rundvlees bitterballen | Jumbo Vegan Bitterballen Airfryer & Oven ca. 12 Stuks | Jumbo Kaas Bitterballen Airfryer & Oven Wapenaer 10 Stuks,
kroketten,Kroketten,diepvries,freezer,60,14,kroketten,19,6,1.50,diepvries,kroketten oven | Jumbo Rundvlees Kroketten 4 Stuks | 1 de Beste Oven kroketten 4 st.,
kipnuggets,Kipnuggets,diepvries,freezer,70,14,kipnuggets,18,6,2.49,diepvries,Kipnuggets | Mora Mini's kipnuggets | Mora Mini's Kipnuggets 252 g,
aardappelschijfjes,Aardappelschijfjes,diepvries,freezer,80,14,aardappelschijfjes,11,6,0.97,diepvries,1 de Beste Aardappelschijfjes | Aardappelschijfjes | 1 de Beste Aardappelschijfjes,
kibbeling,Kibbeling,diepvries,freezer,90,14,kibbeling,10,6,2.95,diepvries,Vis Marine Kibbeling voorgebakken | Kibbeling | Voorgebakken kibbeling,
maaltijd-diepvries,Diepvriesmaaltijden,diepvries,freezer,100,14,maaltijd,29,5,1.99,diepvries,Smuldier Smuldier Eend Compleet 400g | Smuldier Smuldier Lam Compleet 400g | Jumbo's Vriesverse Maaltijd Couscous Vegan 450g,
kaassouffle,Kaassoufflé,diepvries,freezer,110,14,kaassoufflé,27,5,1.49,diepvries,PLUS Kaassoufflés | Jumbo Kaassoufflés 6 Stuks | g'woon kaassouflé 6 stuks,
lekkerbekjes,Lekkerbekjes,diepvries,freezer,120,14,lekkerbekjes,22,5,2.49,diepvries,AH Lekkerbekjes krokant korstje | Vis Marine Lekkerbekjes | AH Lekkerbekjes,
koffiebonen,Koffiebonen,koffie-thee,shelf,10,16,koffiebonen,313,6,4.79,houdbaar,L'or koffiecapsules lungo profondo | Spar koffiebonen dark roast | Starbucks Koffiebonen holiday blend,
thee,Thee,koffie-thee,shelf,20,16,thee,255,6,0.33,gedroogd,PLUS Thee Engelse melange 1-pot Fairtrade | PLUS Thee Engelse Melange 1-Kop 2 Fairtrade | g'woon thee melange zwarte thee,
koffiecapsules,Koffiecapsules,koffie-thee,shelf,30,16,koffiecapsules,248,6,1.79,houdbaar,Pickwick Super blends immunity kruidenthee | Pickwick Super blends shine kruidenthee | Aluminium koffiecapsules karamel,
koffiecups,Koffiecups,koffie-thee,shelf,40,16,koffiecups,200,6,0.45,houdbaar,Melkan Koffiecups vol | Kahrel Koffiecups ristretto sterkte 12 | Kahrel Koffiecups espresso sterkte 9,
oploskoffie,Oploskoffie,koffie-thee,shelf,50,16,oploskoffie,150,6,2.00,houdbaar,Nescafe Latte Macchiato Oploskoffie | Nescafe Gold oploskoffie double choc mocha | Nescafe Latte Hazelnut Oploskoffie,
groene-thee,Groene thee,koffie-thee,shelf,60,16,groene thee,147,6,0.42,houdbaar,1 de Beste Groene thee citroen kop 20 zk. | 1 de Beste Groene thee cranberry kop | 1 de Beste Groene thee puur kop 20 zakjes,
koffiepads,Koffiepads,koffie-thee,shelf,70,16,koffiepads,130,6,3.05,houdbaar,Caffè Gondoliere Dark roast coffee pads | 1 de Beste Koffiepads dark roast | Caffèretti Koffiepads extra dark,
filterkoffie,Filterkoffie,koffie-thee,shelf,80,16,filterkoffie,107,6,2.95,houdbaar,Paco Filterkoffie roodmerk | Filterkoffie intense | Paco Filterkoffie rood,
frisdrank,Frisdrank overig,frisdrank-water,shelf,10,15,frisdrank,963,6,0.45,houdbaar,Jumbo Zero Sugar - Lemon & Lime - Blik - 330ML | Caprisun sap multi vitamin | Sisi No bubbles orange 0%,
cola,Cola,frisdrank-water,shelf,20,15,cola;cola zero;cola light,391,6,0.35,houdbaar,First Choice Cola regular | PLUS Cola | AH Cola no sugar,
ice-tea,Ice tea,frisdrank-water,shelf,30,15,ice tea;iced tea;ijsthee,308,6,0.58,houdbaar,1 de Beste Ice tea perzik koolzuurvrij | 1 de Beste Ice tea green | AH Ice tea peach koolzuurvrij,
energy-drink,Energy drink,frisdrank-water,shelf,40,15,energy drink;energydrink;energiedrank,308,6,0.79,houdbaar,Shakura Energy drink special edition | Shakura Energy drink | Slammers Energy drink suikervrij,
mineraalwater,Mineraalwater,frisdrank-water,shelf,50,15,mineraalwater,226,6,0.29,houdbaar,Dalphin Mineraalwater zonder koolzuur | Dalphin Mineraalwater met koolzuur | PLUS Mineraalwater met koolzuur,
ijskoffie,IJskoffie,frisdrank-water,shelf,60,15,ijskoffie,114,6,0.69,houdbaar,Douwe Egberts IJskoffie mocha latte | Douwe Egberts Ijskoffie cappuccino | Melkan Ijskoffie macchiato,
limonadesiroop,Limonadesiroop,frisdrank-water,shelf,70,15,limonadesiroop,67,6,1.69,houdbaar,1 de Beste Limonadesiroop framboos | PLUS Limonadesiroop Sinaasappel | PLUS Limonadesiroop Framboos,
water,Water,frisdrank-water,shelf,80,15,water,59,6,0.26,houdbaar,Dalphin water koolzuurhoudend | AH Water koolzuurvrij | AH Water koolzuurvrij,
cassis,Cassis,frisdrank-water,shelf,90,15,cassis,54,6,0.42,houdbaar,PLUS Cassis | g'woon cassis blik 250 ml | Jumbo Blackcurrant Cassis - Blik - 250 ML,
tonic,Tonic,frisdrank-water,shelf,100,15,tonic,50,6,0.89,houdbaar,Royal Club Tonic 0% suiker | Royal Club Tonic 0% suiker | 1 de Beste Tonic,
kokoswater,Kokoswater,frisdrank-water,shelf,110,15,kokoswater,44,6,0.69,houdbaar,Maaza Kokoswater | Spa Touch pina colada kzh | Maaza Maaza Kokoswater 330 ml,
ginger-ale,Ginger ale,frisdrank-water,shelf,120,15,ginger ale,38,6,0.89,houdbaar,Royal Club Ginger ale | Royal Club Ginger ale 0% suiker | Ginger ale,
bier,Bier,bier-wijn,shelf,10,17,bier,1300,6,0.23,houdbaar,Holger Pils 4% | Schuttersbier pilsener | De Klok Bier krat fles,
witte-wijn,Witte wijn,bier-wijn,shelf,20,17,witte wijn;chardonnay;sauvignon blanc;pinot grigio,875,6,1.69,houdbaar,Droge witte wijn | PLUS Huiswijn Wit halfzoet | AH Vol & droge Zuid-Afrikaanse huiswijn wit,
rode-wijn,Rode wijn,bier-wijn,shelf,30,17,rode wijn,469,6,1.89,houdbaar,"Rode wijn krachtig | Rode wijn soepel | Stoney Creek Shiraz, Grenache & Petit Verdot",
wijn,Wijn overig,bier-wijn,shelf,40,17,wijn,381,6,1.94,houdbaar,"Chiarli 1860 Lambrusco rosso | Haribo Kikkers | Red Bull Red Bull Summer Edition 0,25L",
rose,Rosé,bier-wijn,shelf,50,17,rosé,292,6,1.09,houdbaar,Bavaria 0.0% Fruity rosé | Wittekerke Rose | Faszination Hugo rosé,
pilsener,Pilsener,bier-wijn,shelf,60,17,pilsener,175,6,0.61,houdbaar,Schuttersbier pilsener | Amstel Pilsener bier | Grolsch Pilsener alcoholvrij,
merlot,Merlot,bier-wijn,shelf,70,17,merlot,127,6,1.69,houdbaar,Enjoy It - Merlot - Alcoholvrij - 250ML | Free Feather Merlot Alcoholvrij | AH Merlot,
ipa,Ipa,bier-wijn,shelf,80,17,ipa,115,6,0.99,houdbaar,New Zealand IPA | IPA | Brand IPA,
cocktail,Cocktail,bier-wijn,shelf,90,17,cocktail,77,6,1.29,houdbaar,Sex on the beach 0.0 | Mojito 0.0 | Passionfruit-martini 0.0,
cabernet-sauvignon,Cabernet sauvignon,bier-wijn,shelf,100,17,cabernet sauvignon,66,6,2.49,houdbaar,AH Biologisch Cabernet sauvignon | Cabernet Sauvignon | Gato Negro Cabernet Sauvignon,
tandpasta,Tandpasta,drogisterij,shelf,10,18,tandpasta,489,6,0.65,non-food,Derlon Tandpasta coolmint | Care Tandpasta kids 0-5 jaar | Care Tandpasta junior 5-12 jaar met fluoride,
shampoo,Shampoo,drogisterij,shelf,20,18,shampoo,412,6,0.53,non-food,Derlon Shampoo 2 in 1 | Shampoo | Derlon Shampoo iedere dag,
deodorant,Deodorant,drogisterij,shelf,30,18,deodorant;deodorant spray;deodorant roller;deo,322,6,1.09,non-food,Derlon Deodorant spray men | Deodorant roll-on | Derlon Deodorant For Men,
douchegel,Douchegel,drogisterij,shelf,40,18,douchegel,288,6,0.87,non-food,Derlon Douchegel men 2 in 1 | Derlon Men douchegel 2 in 1 | Douchegel,
maandverband,Maandverband,drogisterij,shelf,50,18,maandverband,208,6,0.68,non-food,New Way Maandverband ultra nacht met vleugels | Jumbo Maandverband Ultra Super+ met Vleugels 12 Stuks | New Way Maandverband ultra nacht wing,
inlegkruisjes,Inlegkruisjes,drogisterij,shelf,60,18,inlegkruisjes,175,6,0.84,non-food,New Way Inlegkruisjes extra large | New Way Inlegkruisjes xl | Jumbo Large Inlegkruisjes 26 Stuks,
handzeep,Handzeep,drogisterij,shelf,70,18,handzeep,163,6,0.99,non-food,Sanicur Handzeep dermo oil | Sanicur Handzeep orginal | Sanicur Handzeep original,
gel,Haargel,drogisterij,shelf,80,18,gel,78,6,1.59,non-food,Glade Gel relaxing zen | Glade Gel muguet | Glade Gel tranquil lavender & aloe,
tampons,Tampons,drogisterij,shelf,90,18,tampons,54,6,0.97,non-food,New Way Tampons normaal | Jumbo Tampons Normal 32 Stuks | New Way Tampons normaal,
haarspray,Haarspray,drogisterij,shelf,100,18,haarspray,53,6,1.49,non-food,Care Hair spray mega strong | Haarspray | Wella Extra strong hold haarspray,
bodylotion,Bodylotion,drogisterij,shelf,110,18,bodylotion,40,6,1.35,non-food,Derlon Extra Care Extra Care | Derlon Bodylotion | Bodylotion of -milk,
scheergel,Scheergel,drogisterij,shelf,120,18,scheergel,39,6,0.99,non-food,Derlon Scheergel gevoelige huid - men | Derlon Scheergel gevoelige huid | Scheergel,
wasmiddel,Wasmiddel,huishouden,shelf,10,19,wasmiddel,236,6,1.07,non-food,Clean Wash Poeder wasmiddel wit 22 wasbeurten | Op reis wasmiddel | PLUS Vloeibaar wasmiddel kleur C&K 25sc,
toiletpapier,Toiletpapier,huishouden,shelf,20,19,toiletpapier,156,6,0.94,non-food,Vochtig toiletpapier | PLUS Vochtig toiletpapier fresh | 1 de Beste Vochtig toiletpapier verzorgend 40st,
allesreiniger,Allesreiniger,huishouden,shelf,30,19,allesreiniger,144,6,0.69,non-food,"Jumbo Allesreiniger Eucalyptus 1,25 L | PLUS Allesreiniger bloemen | PLUS Allesreiniger oceaan",
toiletblok,Toiletblok,huishouden,shelf,40,19,toiletblok,115,6,0.42,non-food,Blixer Toiletblok citrus | 1 de Beste Toiletblok met houder aqua | AH Toiletblok frisse oceaanbries,
luchtverfrisser,Luchtverfrisser,huishouden,shelf,50,19,luchtverfrisser,111,6,0.79,non-food,PLUS Luchtverfrisser lavendel | 1 de Beste Luchtverfrisser lavendel | 1 de Beste Luchtverfrisser lelietjes van dalen,
wasverzachter,Wasverzachter,huishouden,shelf,60,19,wasverzachter,110,6,0.87,non-food,1 de Beste Wasverzachter morgenfris 33 wasbeurten | 1 de Beste Wasverzachter lavendelpassie | PLUS Wasverzachter Morgenfris,
afwasmiddel,Afwasmiddel,huishouden,shelf,70,19,afwasmiddel,102,6,0.59,non-food,PLUS Afwasmiddel ultra | PLUS Afwasmiddel citroen | 1 de Beste Afwasmiddel citroen,
vaatwastabletten,Vaatwastabletten,huishouden,shelf,80,19,vaatwastabletten,70,6,2.09,non-food,PLUS Vaatwastabletten all-in-one | Jumbo All in One Vaatwastabletten 40 x 19g | Vaatwastabletten all-in-1,
keukenpapier,Keukenpapier,huishouden,shelf,90,19,keukenpapier,63,6,1.39,non-food,Paper Keukenpapier maxi 96 vel 2 laags | Paper Keukenpapier maxi 2-rol | Paper Keukenpapier 96st,
vuilniszakken,Vuilniszakken,huishouden,shelf,100,19,vuilniszakken,57,6,0.99,non-food,Trekbandzakken 60 l | Pedaalemmer zakken 25 l | Dumil Trekbandzak 38 ltr,
batterijen,Batterijen,huishouden,shelf,110,19,batterijen,53,6,1.55,non-food,AH 9V alkaline batterijen | Powerking Alkaline batterijen AAA | Powerking Alkaline batterijen AA,
waspoeder,Waspoeder,huishouden,shelf,120,19,waspoeder,44,6,0.89,non-food,"Clean Wash Waspoeder kleur 22 wasbeurten | Splendid Waspoeder Kleur 1,65kg | 1 de Beste Waspoeder kleur 30 wasbeurten",
luiers,Luiers,baby-kind,shelf,10,18;19,luiers,127,5,2.99,non-food,AH Extra droog en zacht luiers maat 2 | AH Extra droog en zacht luiers maat 1 | Bonbebe Luiers maat 4+ maxi+ 9-18 kg,
babyvoeding,Babyvoeding,baby-kind,shelf,20,1;2;18,babyvoeding;opvolgmelk;babyhapje,101,5,0.89,bewerkt,Bonbebe Bio M0414 Pompoen | AH Biologisch Pompoen 4m+ | Bonbébé F1207 bio perzik appel mango,
billendoekjes,Billendoekjes,baby-kind,shelf,30,18,billendoekjes;babydoekjes,56,5,0.99,non-food,Bonbébé Billendoekjes 0% parfum | Bonbébé Billendoekjes lotion | Bonbebe billendoekjes sensitive,
kattenvoer,Kattenvoer,huisdier,shelf,10,19;3;4,kattenvoer,384,6,0.27,bewerkt,Kattenvoer | 1 de Beste Kattenvoer forel-zalm in saus | 1 de Beste Kattenvoer kip-gevogelte in saus,
hondenvoer,Hondenvoer,huisdier,shelf,20,19;3;4;20,hondenvoer;hondenbrokken,256,6,0.39,bewerkt,1 de Beste Hondenvoer paté lam kip | 1 de Beste Hondenvoer paté kalfspens | 1 de Beste Hondenvoer paté kip,
kattenbakvulling,Kattenbakvulling,huisdier,shelf,30,19,kattenbakvulling,33,6,1.49,non-food,Agriselect Kattenbakvulling absorbent 7 liter | Agrisele kattenbakvulling | Kattenbakvulling,
